order,id,date,display_date,washington_time,type,decision,title,date_line,subject,countries,people,page_count,pdf_count,pdf_urls,catalog_url,release_status,declassification_status,pdf_extraction_status,first_read_range,first_read_url,next_action,withheld_material,source_note,working_source_note,source_note_addendum,index_terms
"1","clinton-v27-002","1993-05-03","May 3, 1993","","Public Statement","Context candidate","Anthony Lake Africa speech background at Brookings","Washington, May 3, 1993","Early Clinton administration Africa policy framing.","United States; Africa","Anthony Lake","","1","https://clinton.presidentiallibraries.us/files/original/1a5c2506a1fdf503e6c564daba5a28f4.pdf","https://clinton.presidentiallibraries.us/items/show/9010","Released online","Public speechwriting item page with PDF","","","https://clinton.presidentiallibraries.us/files/original/1a5c2506a1fdf503e6c564daba5a28f4.pdf","Use for public context and annotation support unless it directly explains a selected policy document.","","Source: Clinton Library, Clinton Presidential Records, National Security Council, Speechwriting Office, Antony Blinken files, Lake - Africa, Brookings - 5/3/93.","Source: Clinton Digital Library, National Security Council, Speechwriting Office, Antony Blinken files, Lake - Africa, Brookings - 5/3/93, item 9010. Public speechwriting PDF available from the item page.","","Africa policy; Anthony Lake; democracy; regional policy"
"2","clinton-v27-039","1993-06-16","Jun 16, 1993","","Public Statement","Context candidate","Namibia public affairs file","Office of Press and Communications file; date control from Nujoma visit","Public-affairs context for Namibia and Clinton-Nujoma contact.","United States; Namibia","Sam Nujoma; Philip J. Crowley","","1","https://clinton.presidentiallibraries.us/files/original/ec27462c59221f362248a316ea88bfaa.pdf","https://clinton.presidentiallibraries.us/items/show/48570","Released online","Item page with PDF","","","https://clinton.presidentiallibraries.us/files/original/ec27462c59221f362248a316ea88bfaa.pdf","Use for public context and annotation support unless it directly explains a selected policy document.","","Source: Clinton Library, Clinton Presidential Records, National Security Council, Office of Press and Communications - Philip J. Crowley, Box 11, Namibia.","Source: Clinton Digital Library, National Security Council, Office of Press and Communications, Philip J. Crowley files, Box 11, Namibia, item 48570, NAID 7585702. PDF available from the item page.","Use as context and keyword support for Namibia; prioritize internal policy records if located.","Namibia; Sam Nujoma; public affairs; Philip Crowley"
"3","clinton-v27-018","1993-08-25","Aug 25, 1993","","Release Packet","Context candidate","Mandatory Declassification Review packet concerning Amy Biehl and South African political violence","South Africa, August 1993 and after","State cables and NSC emails on Amy Biehl's murder, ANC-PAC tensions, South African politics, and human rights abuses.","United States; South Africa","Amy Biehl; Nelson Mandela; Allan Boesak","222","1","https://clinton.presidentiallibraries.us/files/original/4ac627959484159102933a3192305cae.pdf","https://clinton.presidentiallibraries.us/items/show/57650","MDR packet online","Declassified item page with PDF; date available 12/14/2018","","","https://clinton.presidentiallibraries.us/files/original/4ac627959484159102933a3192305cae.pdf","Use as released evidence, then split any document-grade pages into final candidate records.","","Source: Clinton Library, Clinton Presidential Records, Mandatory Declassification Review, National Security Council, NSC Cables, and NSC Emails, Declassified Documents Concerning Amy Biehl.","Source: Clinton Digital Library, Mandatory Declassification Review, National Security Council, NSC Cables, and NSC Emails, Declassified Documents Concerning Amy Biehl, item 57650, case 2015-0638-M, NAID 24194018. The online PDF is 222 pages.","Use for South Africa transition context only; select individual cables only if they illuminate U.S. policy toward political violence, ANC-PAC dynamics, or human rights during the transition.","Amy Biehl; South Africa; political violence; ANC; PAC; human rights"
"4","clinton-v27-005","1994-11-07","Nov 7, 1994","","Source Lead","Include candidate","Soderberg notes from Bosnia and Angola PC meeting","Washington, November 7, 1994","Policy Coordination Committee-level notes touching Angola and Bosnia.","United States; Angola; Bosnia","Nancy Soderberg","3","1","https://clinton.presidentiallibraries.us/files/original/d99d763c5a60d17afe606193e3fb0a86.pdf","https://clinton.presidentiallibraries.us/items/show/72408","Released online","Declassified item page with PDF","Withheld/control only","","https://clinton.presidentiallibraries.us/files/original/d99d763c5a60d17afe606193e3fb0a86.pdf","Log the administrative and withdrawal pages, then queue replacement search or onsite review before promotion.","","Source: Clinton Library, Clinton Presidential Records, National Security Council, Nancy Soderberg files, Box 10, [Soderberg Notes from Bosnia and Angola PC Meeting, November 7, 1994].","Source: Clinton Digital Library, National Security Council, Nancy Soderberg files, Box 10, [Soderberg Notes from Bosnia and Angola PC Meeting, November 7, 1994], item 72408. PDF available from item page; full source markings and page span require PDF review.","","Angola; Policy Coordination Committee; Nancy Soderberg; peace implementation"
"5","clinton-v27-034","1994-12-01","Dec 1, 1994","","Public Statement","Context candidate","Angola background speechwriting file","Undated item page; sort date provisional","Speechwriting background on Angola for regional-security and peace-process context.","United States; Angola","Robert Boorstin","","1","https://clinton.presidentiallibraries.us/files/original/dec14ca9fdbd28b7d81c3e10b07b3a85.pdf","https://clinton.presidentiallibraries.us/items/show/10177","Released online","Public speechwriting item page with PDF","","","https://clinton.presidentiallibraries.us/files/original/dec14ca9fdbd28b7d81c3e10b07b3a85.pdf","Use for public context and annotation support unless it directly explains a selected policy document.","","Source: Clinton Library, Clinton Presidential Records, National Security Council, Speechwriting Office, Robert Boorstin files, Box 6, Angola - Background.","Source: Clinton Digital Library, National Security Council, Speechwriting Office, Robert Boorstin files, Box 6, Angola - Background, item 10177, NAID 7585788. Public speechwriting PDF available from the item page.","Use as context only until Angola policy memoranda, cables, or PC/DC records are extracted from the Angola finding aid.","Angola; Lusaka Protocol; UNITA; speechwriting; regional security"
"6","clinton-v27-036","1994-12-01","Dec 1, 1994","","Public Statement","Context candidate","Landmines background speechwriting file","Undated item page; sort date provisional","Speechwriting background for landmines and demining policy relevant to Angola and Mozambique.","United States; Angola; Mozambique","Robert Boorstin","","1","https://clinton.presidentiallibraries.us/files/original/b77a8e435896410dac9b8c57aa71ae29.pdf","https://clinton.presidentiallibraries.us/items/show/10129","Released online","Public speechwriting item page with PDF","","","https://clinton.presidentiallibraries.us/files/original/b77a8e435896410dac9b8c57aa71ae29.pdf","Use for public context and annotation support unless it directly explains a selected policy document.","","Source: Clinton Library, Clinton Presidential Records, National Security Council, Speechwriting Office, Robert Boorstin files, Box 6, Landmines.","Source: Clinton Digital Library, National Security Council, Speechwriting Office, Robert Boorstin files, Box 6, Landmines, item 10129, NAID 7585788. Public speechwriting PDF available from the item page.","Pair with internal demining, Angola, Mozambique, and humanitarian-assistance files before selection.","landmines; demining; Angola; Mozambique; humanitarian assistance"
"7","clinton-v27-007","1994-12-01","Dec 1, 1994","","Public Statement","Context candidate","Mozambique background packet","Undated item page; sort date provisional","Speechwriting background for Mozambique and post-conflict regional policy.","United States; Mozambique","Robert Boorstin","","1","https://clinton.presidentiallibraries.us/files/original/6aaeb1da21af20839bbc4cf8d1c708b3.pdf","https://clinton.presidentiallibraries.us/items/show/10239","Released online","Public speechwriting item page with PDF","","","https://clinton.presidentiallibraries.us/files/original/6aaeb1da21af20839bbc4cf8d1c708b3.pdf","Use for public context and annotation support unless it directly explains a selected policy document.","","Source: Clinton Library, Clinton Presidential Records, National Security Council, Speechwriting Office, Robert Boorstin files, Mozambique - Background.","Source: Clinton Digital Library, National Security Council, Speechwriting Office, Robert Boorstin files, Mozambique - Background, item 10239. Public speechwriting PDF available from the item page.","Use as context until an internal policy memorandum, briefing book, or diplomatic communication is located.","Mozambique; post-conflict reconstruction; southern Africa; speechwriting"
"8","clinton-v27-035","1994-12-01","Dec 1, 1994","","Public Statement","Context candidate","Southern Africa background speechwriting file","Undated item page; sort date provisional","Regional background file for southern African security, democracy, and post-conflict framing.","United States; South Africa; Angola; Mozambique; Zimbabwe; Zambia","Robert Boorstin","","1","https://clinton.presidentiallibraries.us/files/original/a46d30222332f24687ae49c52290c48a.pdf","https://clinton.presidentiallibraries.us/items/show/10263","Released online","Public speechwriting item page with PDF","","","https://clinton.presidentiallibraries.us/files/original/a46d30222332f24687ae49c52290c48a.pdf","Use for public context and annotation support unless it directly explains a selected policy document.","","Source: Clinton Library, Clinton Presidential Records, National Security Council, Speechwriting Office, Robert Boorstin files, Box 8, Southern Africa - Background.","Source: Clinton Digital Library, National Security Council, Speechwriting Office, Robert Boorstin files, Box 8, Southern Africa - Background, item 10263, NAID 7585788. Public speechwriting PDF available from the item page.","Use as a regional frame and keyword source; do not promote as policy evidence without corresponding internal records.","southern Africa; regional policy; speechwriting; SADC; democracy"
"9","clinton-v27-022","1994-12-05","Dec 5, 1994","","Release Packet","Include candidate","Zimbabwe 1995 and Zimbabwe 1997 FOIA release packet","Washington and Harare, 1994-1997","Released and withdrawn Zimbabwe records including a 1994 briefing, 1995 Mugabe letter, 1997 meeting notes, and 1997 presidential correspondence.","United States; Zimbabwe","Bill Clinton; Robert Mugabe; Ernest J. Wilson","6","1","https://clinton.presidentiallibraries.us/files/original/df4bb9956a0cbbcb0c924a11c321abd7.pdf","https://clinton.presidentiallibraries.us/items/show/14676","Partially released FOIA packet online","Released packet with withdrawal sheets and selected pages","Mixed released/withheld","2","https://clinton.presidentiallibraries.us/files/original/df4bb9956a0cbbcb0c924a11c321abd7.pdf#page=2","Read released Zimbabwe ranges first, then log withheld briefing/correspondence controls for replacement searches.","Withdrawal sheets list a December 5, 1994 Zimbabwe briefing, September 22, 1997 handwritten Clinton-Mugabe meeting notes, and several 1997 letters, cables, and reports withheld in whole or in part.","Source: Clinton Library, Clinton Presidential Records, National Security Council, African Affairs, Box 872 and 1438, Zimbabwe 1995; Zimbabwe 1997 [1], FOIA 2006-0457-F - Zimbabwe.","Source: Clinton Digital Library, Previously Restricted Document Release no. 5, FOIA 2006-0457-F - Zimbabwe, item 14676, case 2006-0457-F. The online PDF is 6 pages and covers NSC African Affairs folders Zimbabwe 1995, OA/Box 872, and Zimbabwe 1997 [1], OA/Box 1438.","Use as a document-level pull/control record for Zimbabwe presidential correspondence and Clinton-Mugabe contact.","Zimbabwe; Robert Mugabe; presidential correspondence; World Solar Commission; Harare"
"10","clinton-v27-041","1994-12-19","Dec 19, 1994","","Public Statement","Context candidate","Anthony Lake Zambia speech file","Zambia, December 19, 1994","Public speechwriting lead from Anthony Lake's Africa trip.","United States; Zambia","Anthony Lake; Robert Boorstin","","1","https://clinton.presidentiallibraries.us/files/original/97ce64a8792cca22ac4e8ece2f44ce94.pdf","https://clinton.presidentiallibraries.us/items/show/11097","Released online","Public speechwriting item page with PDF","","","https://clinton.presidentiallibraries.us/files/original/97ce64a8792cca22ac4e8ece2f44ce94.pdf","Use for public context and annotation support unless it directly explains a selected policy document.","","Source: Clinton Library, Clinton Presidential Records, National Security Council, Speechwriting Office, Robert Boorstin files, Box 20, [Anthony] Lake - Zambia Speech, 12/19/94.","Source: Clinton Digital Library, National Security Council, Speechwriting Office, Robert Boorstin files, Box 20, [Anthony] Lake - Zambia Speech, 12/19/94, item 11097, NAID 7585788. Public speechwriting PDF available from the item page.","","Zambia; Anthony Lake; Africa trip; speechwriting"
"11","clinton-v27-042","1994-12-19","Dec 19, 1994","","Public Statement","Context candidate","Zambia background speechwriting file","Undated item page; sort date tied to Lake Zambia speech","Speechwriting background for Zambia and southern African regional policy.","United States; Zambia","Robert Boorstin; Anthony Lake","","1","https://clinton.presidentiallibraries.us/files/original/1bf312634d144d010e33243bf9af64eb.pdf","https://clinton.presidentiallibraries.us/items/show/10278","Released online","Public speechwriting item page with PDF","","","https://clinton.presidentiallibraries.us/files/original/1bf312634d144d010e33243bf9af64eb.pdf","Use for public context and annotation support unless it directly explains a selected policy document.","","Source: Clinton Library, Clinton Presidential Records, National Security Council, Speechwriting Office, Robert Boorstin files, Box 8, Zambia - Background.","Source: Clinton Digital Library, National Security Council, Speechwriting Office, Robert Boorstin files, Box 8, Zambia - Background, item 10278, NAID 7585788. Public speechwriting PDF available from the item page.","Use as context and search vocabulary for Zambia; promote only if internal policy records remain unavailable and the public file explains selected documents.","Zambia; Anthony Lake; regional policy; speechwriting"
"12","clinton-v27-050","1995-01-01","Jan 1, 1995","","Public Statement","Context candidate","Zimbabwe background speechwriting file","Undated item page; sort date provisional","Speechwriting background for Zimbabwe source review, including democracy, aid, land, and regional-policy terms.","United States; Zimbabwe","Robert Boorstin; Robert Mugabe","","1","https://clinton.presidentiallibraries.us/files/original/db667bda4db08fb5a78f2d73507cd8b1.pdf","https://clinton.presidentiallibraries.us/items/show/10279","Released online","Public speechwriting item page with PDF","","","https://clinton.presidentiallibraries.us/files/original/db667bda4db08fb5a78f2d73507cd8b1.pdf","Use for public context and annotation support unless it directly explains a selected policy document.","","Source: Clinton Library, Clinton Presidential Records, National Security Council, Speechwriting Office, Robert Boorstin files, Box 8, Zimbabwe - Background.","Source: Clinton Digital Library, National Security Council, Speechwriting Office, Robert Boorstin files, Box 8, Zimbabwe - Background, item 10279, NAID 7585788. Public speechwriting PDF available from the item page.","Use as context and keyword support for the Zimbabwe FOIA and finding-aid records.","Zimbabwe; Robert Mugabe; speechwriting; democracy; land reform"
"13","clinton-v27-023","1995-05-16","May 16, 1995","","Release Packet","Include candidate","Mugabe visit briefing packet and talking points","Washington, May 16-18, 1995","Briefing papers, talking points, Acting Secretary Tarnoff memorandum, DeShazer addendum, and background papers for Clinton's meeting with Mugabe.","United States; Zimbabwe","Bill Clinton; Robert Mugabe; Peter Tarnoff; MacArthur DeShazer; Anthony Lake; Kenneth Brill","","1","https://clinton.presidentiallibraries.us/files/original/01e7249f204413bb4b0238dad64c408e.pdf","https://clinton.presidentiallibraries.us/items/show/14571","Partially released FOIA packet online","Withdrawal sheets list multiple documents withheld or partially withheld under P1/b(1), P5, and P6/b(6)","Mixed released/withheld","3","https://clinton.presidentiallibraries.us/files/original/01e7249f204413bb4b0238dad64c408e.pdf#page=3","Read released Zimbabwe ranges first, then log withheld briefing/correspondence controls for replacement searches.","The withdrawal sheets list the main May 16, 1995 briefing paper, talking points, U.S. Government reports, Acting Secretary Tarnoff memorandum, DeShazer and Lake memoranda, background papers on U.S.-Zimbabwe relations, democracy, cooperation, land, AIDS, and an April 21, 1995 Harare cable.","Source: Clinton Library, Clinton Presidential Records, National Security Council, African Affairs, Box 2663, Official Working Visit of President Mugabe of Zimbabwe, May 18, 1995, FOIA 2006-0457-F - Zimbabwe.","Source: Clinton Digital Library, Declassified Documents, FOIA 2006-0457-F - Zimbabwe, item 14571, case 2006-0457-F, Clinton Presidential Records, National Security Council, African Affairs, OA/Box 2663, Official Working Visit of President Mugabe of Zimbabwe, May 18, 1995. The online PDF is 157 pages.","High-value include candidate for Zimbabwe policy; final promotion requires reading the released pages against the withdrawal sheets and locating any open replacements for withheld briefing material.","Zimbabwe; Robert Mugabe; Thomas Pickering; MacArthur DeShazer; land reform; AIDS; democracy"
"14","clinton-v27-027","1995-05-18","May 18, 1995","","Source Lead","Source lead","Ellen McCathran Presidential Daily Diary hardcopy date set including May 18, 1995","Washington, May 18, 1995","Diary control for the Mugabe official working visit and other May-June 1995 presidential schedule entries.","United States; Zimbabwe","Bill Clinton; Robert Mugabe; Ellen McCathran","90","1","https://clinton.presidentiallibraries.us/files/original/1b2548044da1ab7f808c7c123eced2ac.pdf","https://clinton.presidentiallibraries.us/items/show/36472","Released online","Public diary PDF","","","https://clinton.presidentiallibraries.us/files/original/1b2548044da1ab7f808c7c123eced2ac.pdf","Inspect the PDF and decide whether it becomes a document record, context control, or replacement-search lead.","","Source: Clinton Library, Clinton Presidential Records, Presidential Daily Diary, Ellen McCathran - Presidential Diarist, Presidential Daily Diary hardcopy, Box 1, [Ellen McCathran - Presidential Daily Diary - Hardcopy 4/4/95; 4/12/95; 4/25/95; 5/7/95; 5/18/95; 5/22/95; 5/26/95; 6/7/95; 6/8/95; 6/18/95; 6/30/95].","Source: Clinton Digital Library, Ellen McCathran - Presidential Diarist, Presidential Daily Diary hardcopy, Box 1, [Ellen McCathran - Presidential Daily Diary - Hardcopy 4/4/95; 4/12/95; 4/25/95; 5/7/95; 5/18/95; 5/22/95; 5/26/95; 6/7/95; 6/8/95; 6/18/95; 6/30/95], item 36472, NAID 17368180. The online PDF is 90 pages.","Use only as a chronology and attendance control for the Mugabe visit; do not promote without a substantive meeting record or briefing document.","Presidential Daily Diary; Robert Mugabe; schedule control; Zimbabwe"
"15","clinton-v27-024","1995-05-30","May 30, 1995","","Release Packet","Context candidate","President Clinton to President Mugabe draft letter","Washington, May 30, 1995","Draft follow-up letter after Mugabe's official working visit, including economic reform and private investment language.","United States; Zimbabwe","Bill Clinton; Robert Mugabe","","1","https://clinton.presidentiallibraries.us/files/original/01e7249f204413bb4b0238dad64c408e.pdf","https://clinton.presidentiallibraries.us/items/show/14571","Released inside FOIA packet","Document 008 listed with P5 restriction history; released page visible in packet","","","https://clinton.presidentiallibraries.us/files/original/01e7249f204413bb4b0238dad64c408e.pdf","Use as released evidence, then split any document-grade pages into final candidate records.","","Source: Clinton Library, Clinton Presidential Records, National Security Council, African Affairs, Box 2663, Official Working Visit of President Mugabe of Zimbabwe, May 18, 1995, President Clinton to President Mugabe [draft].","Source: Clinton Digital Library, Declassified Documents, FOIA 2006-0457-F - Zimbabwe, item 14571, case 2006-0457-F, Clinton Presidential Records, National Security Council, African Affairs, OA/Box 2663, Official Working Visit of President Mugabe of Zimbabwe, May 18, 1995, document 008, President Clinton to President Mugabe [draft], May 30, 1995.","Use as context unless paired with the final signed correspondence or meeting memorandum.","Zimbabwe; Robert Mugabe; economic reform; private investment; presidential correspondence"
"16","clinton-v27-025","1997-07-16","Jul 16, 1997","","Source Lead","Boundary review","Erica Barks-Ruggles memorandum to Samuel Berger on African-African American Summit","Washington, July 16, 1997","Zimbabwe/Harare summit lead for Zimbabwe/SADC democracy and public diplomacy boundary review.","United States; Zimbabwe","Erica Barks-Ruggles; Samuel Berger; John Prendergast","","1","https://clinton.presidentiallibraries.us/files/original/01e7249f204413bb4b0238dad64c408e.pdf","https://clinton.presidentiallibraries.us/items/show/14571","Listed in FOIA packet withdrawal sheet","Withheld or partially withheld under P1/b(1); released text in related email pages requires review","","","https://clinton.presidentiallibraries.us/files/original/01e7249f204413bb4b0238dad64c408e.pdf","Make the include/context/drop decision and record the volume-scope rationale before promotion.","Withdrawal sheet lists a two-page July 16, 1997 memorandum and an eight-page aircraft mission-members chart.","Source: Clinton Library, Clinton Presidential Records, National Security Council, Records Management, Box 1631, [Zimb*], folder 9704944, Erica Barks-Ruggles to Samuel Berger, re: Update on African-African American Summit.","Source: Clinton Digital Library, Declassified Documents, FOIA 2006-0457-F - Zimbabwe, item 14571, case 2006-0457-F, Clinton Presidential Records, National Security Council, Records Management, OA/Box 1631, [Zimb*], folder 9704944, Erica Barks-Ruggles to Samuel Berger, re: Update on African-African American Summit, July 16, 1997.","Boundary review required: include only if the summit records illuminate U.S. policy toward Zimbabwe, SADC, or regional leadership rather than public liaison logistics alone.","Zimbabwe; African-African American Summit; Harare; Samuel Berger; Erica Barks-Ruggles"
"17","clinton-v27-037","1997-09-16","Sep 16, 1997","","Public Statement","Context candidate","Landmines statement","Washington, September 16, 1997","Public landmines-policy statement lead for demining and southern African security context.","United States; Angola; Mozambique","Antony Blinken","","1","https://clinton.presidentiallibraries.us/files/original/f9de72c6f1d880690d97ae680d586635.pdf","https://clinton.presidentiallibraries.us/items/show/9715","Released online","Public speechwriting item page with PDF","","","https://clinton.presidentiallibraries.us/files/original/f9de72c6f1d880690d97ae680d586635.pdf","Use for public context and annotation support unless it directly explains a selected policy document.","","Source: Clinton Library, Clinton Presidential Records, National Security Council, Speechwriting Office, Antony Blinken files, Box 31, Landmines Statement 9/16/97.","Source: Clinton Digital Library, National Security Council, Speechwriting Office, Antony Blinken files, Box 31, Landmines Statement 9/16/97, item 9715, NAID 7585787. Public speechwriting PDF available from the item page.","","landmines; demining; Antony Blinken; Angola; Mozambique"
"18","clinton-v27-010","1998-03-26","Mar 26, 1998","","Public Statement","Context candidate","South Africa - Mandela Press Conference","South Africa, March 26, 1998","Press conference briefing draft/context from the March 1998 Africa trip.","United States; South Africa","Bill Clinton; Nelson Mandela; Antony Blinken","","1","https://clinton.presidentiallibraries.us/files/original/8c33eeb89b620edd6594e80b2b290bd9.pdf","https://clinton.presidentiallibraries.us/items/show/9798","Released online","Public speechwriting item page with PDF","","","https://clinton.presidentiallibraries.us/files/original/8c33eeb89b620edd6594e80b2b290bd9.pdf","Use for public context and annotation support unless it directly explains a selected policy document.","","Source: Clinton Library, Clinton Presidential Records, National Security Council, Speechwriting Office, Antony Blinken files, Box 34, South Africa - Mandela Press Conference 3/26/98.","Source: Clinton Digital Library, National Security Council, Speechwriting Office, Antony Blinken files, Box 34, South Africa - Mandela Press Conference 3/26/98, item 9798. Public speechwriting PDF available from the item page.","","Nelson Mandela; South Africa; Africa trip; press conference"
"19","clinton-v27-044","1998-03-29","Mar 29, 1998","","Public Statement","Context candidate","Botswana Masire reception speechwriting file","Gaborone, March 29, 1998","Public-diplomacy context for Clinton's Botswana visit and President Masire reception.","United States; Botswana","Bill Clinton; Quett Masire; Antony Blinken","","1","https://clinton.presidentiallibraries.us/files/original/425f580fb944b53794d5f1454ab21710.pdf","https://clinton.presidentiallibraries.us/items/show/9804","Released online","Public speechwriting item page with PDF","","","https://clinton.presidentiallibraries.us/files/original/425f580fb944b53794d5f1454ab21710.pdf","Use for public context and annotation support unless it directly explains a selected policy document.","","Source: Clinton Library, Clinton Presidential Records, National Security Council, Speechwriting Office, Antony Blinken files, Box 35, Botswana - Masire Reception 3/29/98.","Source: Clinton Digital Library, National Security Council, Speechwriting Office, Antony Blinken files, Box 35, Botswana - Masire Reception 3/29/98, item 9804, NAID 7585787. Public speechwriting PDF available from the item page.","","Botswana; Quett Masire; 1998 Africa trip; public diplomacy"
"20","clinton-v27-012","1998-04-13","Apr 13, 1998","","Public Statement","Context candidate","Samuel Berger talking points for remarks on Africa","Washington, April 13, 1998","Post-Africa trip policy framing, regional initiatives, and public diplomacy.","United States; Africa","Samuel Berger; Edward Widmer","","1","https://clinton.presidentiallibraries.us/files/original/27ec86be28e49964d2cc63849a625c8c.pdf","https://clinton.presidentiallibraries.us/items/show/11370","Released online","Public speechwriting item page with PDF","","","https://clinton.presidentiallibraries.us/files/original/27ec86be28e49964d2cc63849a625c8c.pdf","Use for public context and annotation support unless it directly explains a selected policy document.","","Source: Clinton Library, Clinton Presidential Records, National Security Council, Speechwriting Office, Edward Widmer files, Africa - SRB [(Samuel R. Berger's) Talking Points for Remarks on Africa, April 13, 1998].","Source: Clinton Digital Library, National Security Council, Speechwriting Office, Edward Widmer files, Africa - SRB [(Samuel R. Berger's) Talking Points for Remarks on Africa, April 13, 1998], item 11370. Public speechwriting PDF available from the item page.","","Samuel Berger; Africa policy; regional initiatives; public diplomacy"
"21","clinton-v27-015","1999-06-01","Jun 1, 1999","","Source Lead","Source lead","FOIA 2006-0457-F - Zimbabwe","FOIA release packet; item page date pending","Zimbabwe source lead for democracy, sanctions, land, and regional policy review.","United States; Zimbabwe","","","1","https://clinton.presidentiallibraries.us/files/original/01e7249f204413bb4b0238dad64c408e.pdf","https://clinton.presidentiallibraries.us/items/show/14571","FOIA packet online","Declassified item page with PDF","","","https://clinton.presidentiallibraries.us/files/original/01e7249f204413bb4b0238dad64c408e.pdf","Inspect the PDF and decide whether it becomes a document record, context control, or replacement-search lead.","","Source: Clinton Library, Clinton Presidential Records, FOIA 2006-0457-F - Zimbabwe.","Source: Clinton Digital Library, Declassified Documents, FOIA 2006-0457-F - Zimbabwe, item 14571, case 2006-0457-F. The online PDF is a 157-page packet with withdrawal sheets and released pages from NSC African Affairs, NSC email, and NSC Records Management files.","Packet split into companion records for the May 1995 Mugabe visit, the May 30, 1995 draft Clinton letter, the 1997 African-African American Summit files, and PRDR no. 5 records.","Zimbabwe; FOIA; democracy; regional policy"
"22","clinton-v27-047","2000-01-01","Jan 1, 2000","","Source Lead","Source lead","National AIDS Policy Office Botswana file","National AIDS Policy Office file; item page date pending","Botswana health-policy source lead from the Global AIDS Crisis finding-aid family.","United States; Botswana","","","1","https://clinton.presidentiallibraries.us/files/original/9364ec86ad4d726a134ac9f8212d1cd9.pdf","https://clinton.presidentiallibraries.us/items/show/64163","Released online","Item page with PDF","","","https://clinton.presidentiallibraries.us/files/original/9364ec86ad4d726a134ac9f8212d1cd9.pdf","Inspect the PDF and decide whether it becomes a document record, context control, or replacement-search lead.","","Source: Clinton Library, Clinton Presidential Records, National AIDS Policy Office, Box 10, Botswana.","Source: Clinton Digital Library, National AIDS Policy Office, Box 10, Botswana, item 64163, NAID 54976716. PDF available from the item page; collection finding aid is Global AIDS Crisis, item 48956.","Use to close the Botswana health-policy search path; select only southern Africa policy material with U.S. decision value.","Botswana; AIDS; HIV; National AIDS Policy Office; health diplomacy"
"23","clinton-v27-048","2000-01-01","Jan 1, 2000","","Source Lead","Source lead","National AIDS Policy Office Malawi file","National AIDS Policy Office file; item page date pending","Malawi health-policy source lead from the Global AIDS Crisis finding-aid family.","United States; Malawi","","","1","https://clinton.presidentiallibraries.us/files/original/64f7e4a8421dfcf4adf33766adf44117.pdf","https://clinton.presidentiallibraries.us/items/show/64400","Released online","Item page with PDF","","","https://clinton.presidentiallibraries.us/files/original/64f7e4a8421dfcf4adf33766adf44117.pdf","Inspect the PDF and decide whether it becomes a document record, context control, or replacement-search lead.","","Source: Clinton Library, Clinton Presidential Records, National AIDS Policy Office, Box 24, Malawi.","Source: Clinton Digital Library, National AIDS Policy Office, Box 24, Malawi, item 64400, NAID 54976954. PDF available from the item page; collection finding aid is Global AIDS Crisis, item 48956.","Use as a smaller-state health-policy control; likely context unless internal regional-policy records cite Malawi directly.","Malawi; AIDS; HIV; National AIDS Policy Office; health diplomacy"
"24","clinton-v27-016","2000-01-01","Jan 1, 2000","","Source Lead","Source lead","South Africa [3]","Office of Press and Communications file; item page date pending","Public affairs and press material for South Africa; use only as context unless it includes substantive policy memoranda.","United States; South Africa","Philip J. Crowley","","1","https://clinton.presidentiallibraries.us/files/original/69d36ed4cb7676b00e4ae76979a161db.pdf","https://clinton.presidentiallibraries.us/items/show/48608","Released online","Item page with PDF","","","https://clinton.presidentiallibraries.us/files/original/69d36ed4cb7676b00e4ae76979a161db.pdf","Inspect the PDF and decide whether it becomes a document record, context control, or replacement-search lead.","","Source: Clinton Library, Clinton Presidential Records, National Security Council, Office of Press and Communications - Philip J. Crowley, Box 13, South Africa [3].","Source: Clinton Digital Library, National Security Council, Office of Press and Communications, Philip J. Crowley files, Box 13, South Africa [3], item 48608. PDF available from item page; review for item-level dates, policy substance, and exact markings.","Likely public-affairs context rather than final FRUS documentary evidence.","South Africa; public affairs; Philip Crowley; press guidance"
"25","clinton-v27-030","2000-04-03","Apr 3, 2000","","Release Packet","Include candidate","Mbeki AIDS controversy packet, part 2","Washington and Pretoria, April-May 2000","HIV/AIDS paper, Mbeki state visit cable, presidential AIDS panel cable, and Mbeki-Clinton correspondence.","United States; South Africa","Thabo Mbeki; Bill Clinton","61","1","https://clinton.presidentiallibraries.us/files/original/26093367de952b94c544f7abc15c6c62.pdf","https://clinton.presidentiallibraries.us/items/show/64751","Partially released packet online","Withdrawal sheets list documents withheld under P1/b(1); released pages available in PDF","Mixed released/withheld","16-17","https://clinton.presidentiallibraries.us/files/original/26093367de952b94c544f7abc15c6c62.pdf#page=16","Read released AIDS-diplomacy ranges first, then attach withdrawal accounting to any candidate source note.","Withdrawal sheets list an 11-page HIV/AIDS paper, cables on the presidential AIDS panel and Mbeki state visit, and Mbeki-Clinton letters from April 2000.","Source: Clinton Library, Clinton Presidential Records, National Security Council, NSC Legal Affairs Office, Box 50, Mbeki [of South Africa] - AIDS Controversy [2] [OA/ID 3646].","Source: Clinton Digital Library, National Security Council, NSC Legal Affairs Office, Box 50, Mbeki [of South Africa] - AIDS Controversy [2] [OA/ID 3646], item 64751, NAID 54977305. The online PDF is 61 pages.","High-value include candidate paired with item 64750; final record split should separate correspondence, state visit preparation, and AIDS-policy analysis.","Thabo Mbeki; AIDS; HIV; South Africa; state visit; presidential AIDS panel"
"26","clinton-v27-029","2000-05-01","May 1, 2000","","Release Packet","Include candidate","Mbeki AIDS controversy packet, part 1","Washington and Pretoria, April-October 2000","Cables, memoranda, and draft presidential correspondence on President Mbeki's HIV/AIDS views and the May 2000 state visit.","United States; South Africa","Thabo Mbeki; Bill Clinton; Samuel Berger; Nora Dempsey; Al Gore","70","1","https://clinton.presidentiallibraries.us/files/original/21a9567fcf0c1490aa2ebcf893468b16.pdf","https://clinton.presidentiallibraries.us/items/show/64750","Partially released packet online","Withdrawal sheets list documents withheld under P1/b(1); released pages available in PDF","Mixed released/withheld","7-8","https://clinton.presidentiallibraries.us/files/original/21a9567fcf0c1490aa2ebcf893468b16.pdf#page=7","Read released AIDS-diplomacy ranges first, then attach withdrawal accounting to any candidate source note.","Withdrawal sheets list cables on Mbeki's alleged comments, Mandela and Mbeki, Mbeki remarks, Gore correspondence, Mbeki's HIV/AIDS theory, and Clinton-Mbeki draft correspondence.","Source: Clinton Library, Clinton Presidential Records, National Security Council, NSC Legal Affairs Office, Box 50, Mbeki [of South Africa] - AIDS Controversy [1] [OA/ID 3646].","Source: Clinton Digital Library, National Security Council, NSC Legal Affairs Office, Box 50, Mbeki [of South Africa] - AIDS Controversy [1] [OA/ID 3646], item 64750, NAID 54977304. The online PDF is 70 pages.","High-value include candidate for the intersection of South Africa bilateral relations and global AIDS policy; select document-level entries after page-span extraction.","Thabo Mbeki; AIDS; HIV; South Africa; state visit; presidential correspondence"
"27","clinton-v27-031","2000-05-04","May 4, 2000","","Release Packet","Boundary review","MDR packet on the global AIDS crisis, Africa, and the Mbeki state visit","Washington, 1998-2000","Deputies Committee summaries, Mbeki state visit AIDS objectives, Africa AIDS initiative material, and Namibia HIV/AIDS agreement cables.","United States; South Africa; Namibia; Botswana; Africa","Thabo Mbeki; Lael Brainard; Sandy Thurman; Samuel Berger","557","4","https://clinton.presidentiallibraries.us/files/original/658d3ce0236437eab569f63b04278e1f.pdf https://clinton.presidentiallibraries.us/files/original/eb8f2b1ca9bb04768340f55897d880a4.pdf https://clinton.presidentiallibraries.us/files/original/a45536181776d20e1400df63854d4443.pdf https://clinton.presidentiallibraries.us/files/original/3b88b5d2d8b557e67c3c5c09441aa900.pdf","https://clinton.presidentiallibraries.us/items/show/119208","MDR packet online","Declassified item page with four PDFs; date available 10/21/2024","","","https://clinton.presidentiallibraries.us/files/original/658d3ce0236437eab569f63b04278e1f.pdf","Make the include/context/drop decision and record the volume-scope rationale before promotion.","","Source: Clinton Library, Clinton Presidential Records, Mandatory Declassification Review, National Economic Council, National Security Council, NSC Records Management System, 2007-1550-F, Declassified Documents Concerning the Global AIDS Crisis.","Source: Clinton Digital Library, Mandatory Declassification Review, National Economic Council, National Security Council, and NSC Records Management System, Declassified Documents Concerning the Global AIDS Crisis, item 119208, case 2017-0739-M, file unit 2007-1550-F. The item page provides four PDFs totaling 557 pages.","Boundary review required: select southern Africa material such as Mbeki state visit AIDS objectives and Namibia agreement cables; keep general global AIDS policy out of Volume XXVII unless it drives regional diplomacy.","global AIDS crisis; Thabo Mbeki; South Africa; Namibia; Deputies Committee; Africa AIDS initiative"
"28","clinton-v27-038","2000-10-01","Oct 1, 2000","","Release Packet","Include candidate","MDR packet on Victor Butt/Bout arms trafficking and sub-Saharan Africa","Washington, 2000","Memoranda, strategy papers, and background papers on U.S. efforts against Victor Bout's arms trafficking in sub-Saharan Africa, including Angola/UNITA and South Africa arrest strategy.","United States; Angola; South Africa; Liberia; Sierra Leone","Victor Bout; Susan Rice; Gayle Smith; Richard Clarke","98","1","https://clinton.presidentiallibraries.us/files/original/1e4efdd7fac280c9490efa4b4fb0f9cd.pdf","https://clinton.presidentiallibraries.us/items/show/118505","MDR packet online","Declassified item page with PDF; date available 9/21/2022","Released text dominant","1","https://clinton.presidentiallibraries.us/files/original/1e4efdd7fac280c9490efa4b4fb0f9cd.pdf#page=1","Start with released-document ranges and extract Angola/UNITA sanctions plus South Africa enforcement strategy spans.","","Source: Clinton Library, Clinton Presidential Records, Mandatory Declassification Review, National Security Council, FOIA case 2006-0684-F, Declassified Documents Regarding Victor Butt/Bout.","Source: Clinton Digital Library, Mandatory Declassification Review, National Security Council, Declassified Documents Regarding Victor Butt/Bout, item 118505, case 2016-0165-M, FOIA case 2006-0684-F. The online PDF is 98 pages.","High-value regional-security candidate because the packet links UNITA sanctions, Angola, South Africa legal strategy, and arms-trafficking enforcement.","Victor Bout; arms trafficking; UNITA; Angola; South Africa; UN sanctions; regional security"
"29","clinton-v27-040","2000-11-12","Nov 12, 2000","","Release Packet","Boundary review","Namibia HIV/AIDS agreement cables in Global AIDS Crisis MDR packet","Windhoek and Washington, 2000","Cables on a U.S.-Namibia bilateral HIV/AIDS agreement, Namibian ministries, and U.S. AIDS diplomacy.","United States; Namibia","Sandy Thurman; Hage Geingob","","1","https://clinton.presidentiallibraries.us/files/original/3b88b5d2d8b557e67c3c5c09441aa900.pdf","https://clinton.presidentiallibraries.us/items/show/119208","MDR packet online","Declassified item page with PDF 4 containing Namibia agreement cables","","","https://clinton.presidentiallibraries.us/files/original/3b88b5d2d8b557e67c3c5c09441aa900.pdf","Make the include/context/drop decision and record the volume-scope rationale before promotion.","","Source: Clinton Library, Clinton Presidential Records, Mandatory Declassification Review, National Economic Council, National Security Council, NSC Records Management System, 2007-1550-F, Declassified Documents Concerning the Global AIDS Crisis.","Source: Clinton Digital Library, Mandatory Declassification Review, National Economic Council, National Security Council, and NSC Records Management System, Declassified Documents Concerning the Global AIDS Crisis, item 119208, case 2017-0739-M, file unit 2007-1550-F, PDF 4, U.S.-Namibia bilateral HIV/AIDS agreement cable sequence.","Boundary review required but likely useful for southern Africa health diplomacy if paired with Namibia bilateral-policy records.","Namibia; HIV/AIDS; health diplomacy; Sandy Thurman; bilateral agreement"
